Id,PrefabName,AttackType,Name,Attack,HP,Speed,AttackRange,Gold
goblin,Goblin,Melee,NormalGoblin,10|1.1,20|1.2,2|1.1,2,5|1.2
death,Death,Melee,NormalGoblin,10|1.1,20|1.2,2|1.1,2,5|1.2
eyes,Eyes,Melee,NormalGoblin,10|1.1,20|1.2,2|1.1,2,5|1.2
phantom,Phantom,Melee,NormalGoblin,10|1.1,20|1.2,2|1.1,2,5|1.2
skeleton_0,Skeleton_0,Melee,NormalGoblin,10|1.1,20|1.2,2|1.1,2,5|1.2
skeleton_1,Skeleton_1,Melee,NormalGoblin,10|1.1,20|1.2,2|1.1,2,5|1.2
slime_0,Slime_0,Melee,NormalGoblin,10|1.1,20|1.2,2|1.1,2,5|1.2
slime_1,Slime_1,Melee,NormalGoblin,10|1.1,20|1.2,2|1.1,2,5|1.2
slime_2,Slime_2,Melee,NormalGoblin,10|1.1,20|1.2,2|1.1,2,5|1.2
slime_3,Slime_3,Melee,NormalGoblin,10|1.1,20|1.2,2|1.1,2,5|1.2
slime_4,Slime_4,Melee,NormalGoblin,10|1.1,20|1.2,2|1.1,2,5|1.2
wolf,Wolf,Melee,NormalGoblin,10|1.1,20|1.2,2|1.1,2,5|1.2